Workbook

Sheet S3 Concern summary
A2: STAGE 3 CONCERN MOVEMENT DASHBOARD
A3: ZONE & REGION | B3: OPENING & ADDITIONAL | E3: AS ON DATE FLOW | H3: 46143 | J3: FTD | K3: Direct Flow | N3: 30-59 DPD Flow | Q3: Existing Stock | T3: RB From NPA
B4: Stock | C4: Collected | D4: Res % | E4: Flow | F4: CLNPA | G4: Total | H4: LMTD% | I4: LMTD FLOW | K4: STOCK | L4: COLL | M4: EFF | N4: STOCK | O4: COLL | P4: EFF | Q4: STOCK | R4: COLL | S4: EFF | T4: STOCK | U4: COLL | V4: EFF
A5: PAN INDIA | B5: 398.71142 | C5: 111.14243 | D5: 0.27875406 | E5: 290.35865 | F5: 28.946237 | G5: 319.30489 | H5: 0.28162733 | I5: 266.60587 | J5: 7.9053357 | K5: 33.465108 | L5: 3.3723801 | M5: 0.10077302 | N5: 82.282455 | O5: 34.674831 | P5: 0.42141221 | Q5: 256.71722 | R5: 65.494589 | S5: 0.25512347 | T5: 26.246637 | U5: 7.6006272 | V5: 0.2895848
A6: EAST | B6: 42.350998 | C6: 9.9095364 | D6: 0.2339859 | E6: 32.775076 | F6: 4.8448097 | G6: 37.619885 | H6: 0.31637951 | I6: 28.339715 | J6: 0 | K6: 3.0999281 | L6: 0.63173775 | M6: 0.2037911 | N6: 8.3922073 | O6: 2.6370717 | P6: 0.31422862 | Q6: 27.471222 | R6: 5.2185684 | S6: 0.18996491 | T6: 3.3876399 | U6: 1.4221586 | V6: 0.41980808
A7: EAST_1 | B7: 21.492982 | C7: 1.5542366 | D7: 0.07231368 | E7: 20.123655 | F7: 4.584875 | G7: 24.70853 | H7: 0.28859515 | I7: 16.979391 | J7: 0 | K7: 2.3042412 | L7: 0.1245281 | M7: 0.054042997 | N7: 3.0770691 | O7: 0.3551845 | P7: 0.11542948 | Q7: 15.196451 | R7: 0.338955 | S7: 0.022304879 | T7: 0.9152202 | U7: 0.735569 | V7: 0.80370713
A8: CHATTISGARH | B8: 6.751043 | C8: 0.6016893 | D8: 0.089125385 | E8: 6.2138956 | F8: 4.296518 | G8: 10.510414 | H8: 0.17731837 | I8: 4.8206256 | J8: 0 | K8: 0.43965566 | L8: 0 | M8: 0 | N8: 1.9725043 | O8: 0.3551845 | P8: 0.1800678 | Q8: 4.338883 | R8: 0.2465048 | S8: 0.056812963 | T8: 0 | U8: 0 | V8: -
A9: CHATTISGARH_1 | B9: 5.3351884 | C9: 0 | D9: 0 | E9: 5.3894773 | F9: 4.296518 | G9: 9.6859953 | H9: 0.18802331 | I9: 3.4112258 | J9: 0 | K9: 0.43965566 | L9: 0 | M9: 0 | N9: 1.5785111 | O9: 0 | P9: 0 | Q9: 3.3170216 | R9: 0 | S9: 0 | T9: 0 | U9: 0 | V9: -
A10: BHILAI_AREA | B10: 3.8387558 | C10: 0 | D10: 0 | E10: 3.877308 | F10: 0 | G10: 3.877308 | H10: 0 | I10: 2.7899693 | J10: 0 | K10: 0.4086493 | L10: 0 | M10: 0 | N10: 0.6707366 | O10: 0 | P10: 0 | Q10: 2.7593699 | R10: 0 | S10: 0 | T10: 0 | U10: 0 | V10: -
A11: JAGDALPUR_AREA | B11: 0 | C11: 0 | D11: - | E11: 0 | F11: 0 | G11: 0 | H11: 0 | I11: 0 | J11: 0 | K11: 0 | L11: 0 | M11: - | N11: 0 | O11: 0 | P11: - | Q11: 0 | R11: 0 | S11: - | T11: 0 | U11: 0 | V11: -
A12: RAIPUR_1_AREA | B12: 1.4964326 | C12: 0 | D12: 0 | E12: 1.5121694 | F12: 4.296518 | G12: 5.8086874 | H12: 0.55997052 | I12: 0.62125656 | J12: 0 | K12: 0.031006359 | L12: 0 | M12: 0 | N12: 0.90777452 | O12: 0 | P12: 0 | Q12: 0.55765173 | R12: 0 | S12: 0 | T12: 0 | U12: 0 | V12: -
A13: RAIPUR_2_AREA | B13: 0 | C13: 0 | D13: - | E13: 0 | F13: 0 | G13: 0 | H13: 0 | I13: 0 | J13: 0 | K13: 0 | L13: 0 | M13: - | N13: 0 | O13: 0 | P13: - | Q13: 0 | R13: 0 | S13: - | T13: 0 | U13: 0 | V13: -
A14: SARAIPALI_AREA | B14: 0 | C14: 0 | D14: - | E14: 0 | F14: 0 | G14: 0 | H14: 0 | I14: 0 | J14: 0 | K14: 0 | L14: 0 | M14: - | N14: 0 | O14: 0 | P14: - | Q14: 0 | R14: 0 | S14: - | T14: 0 | U14: 0 | V14: -
A15: CHATTISGARH_2 | B15: 1.4158546 | C15: 0.6016893 | D15: 0.42496547 | E15: 0.82441821 | F15: 0 | G15: 0.82441821 | H15: 0.15011017 | I15: 1.4093998 | J15: 0 | K15: 0 | L15: 0 | M15: - | N15: 0.39399317 | O15: 0.3551845 | P15: 0.90149913 | Q15: 1.0218614 | R15: 0.2465048 | S15: 0.24123115 | T15: 0 | U15: 0 | V15: -
A16: AMBIKAPUR_AREA | B16: 0 | C16: 0 | D16: - | E16: 0 | F16: 0 | G16: 0 | H16: 0 | I16: 0 | J16: 0 | K16: 0 | L16: 0 | M16: - | N16: 0 | O16: 0 | P16: - | Q16: 0 | R16: 0 | S16: - | T16: 0 | U16: 0 | V16: -
A17: BILASPUR_AREA | B17: 0.1835567 | C17: 0 | D17: 0 | E17: 0.1863875 | F17: 0 | G17: 0.1863875 | H17: 0 | I17: 0.51908335 | J17: 0 | K17: 0 | L17: 0 | M17: - | N17: 0 | O17: 0 | P17: - | Q17: 0.1835567 | R17: 0 | S17: 0 | T17: 0 | U17: 0 | V17: -
A18: RAIGARH_AREA | B18: 1.2322979 | C18: 0.6016893 | D18: 0.48826612 | E18: 0.63803071 | F18: 0 | G18: 0.63803071 | H18: 0.21840872 | I18: 0.89031645 | J18: 0 | K18: 0 | L18: 0 | M18: - | N18: 0.39399317 | O18: 0.3551845 | P18: 0.90149913 | Q18: 0.8383047 | R18: 0.2465048 | S18: 0.29405155 | T18: 0 | U18: 0 | V18: -
A19: CHATTISGARH_3 | B19: 0 | C19: 0 | D19: - | E19: 0 | F19: 0 | G19: 0 | H19: 0 | I19: 0 | J19: 0 | K19: 0 | L19: 0 | M19: - | N19: 0 | O19: 0 | P19: - | Q19: 0 | R19: 0 | S19: - | T19: 0 | U19: 0 | V19: -
A20: RAIPUR_3_AREA | B20: 0 | C20: 0 | D20: - | E20: 0 | F20: 0 | G20: 0 | H20: 0 | I20: 0 | J20: 0 | K20: 0 | L20: 0 | M20: - | N20: 0 | O20: 0 | P20: - | Q20: 0 | R20: 0 | S20: - | T20: 0 | U20: 0 | V20: -
A21: ODISHA | B21: 3.4322389 | C21: 0.8280192 | D21: 0.24124754 | E21: 2.6352455 | F21: 0.1670447 | G21: 2.8022902 | H21: 0.19256979 | I21: 2.0447621 | J21: 0 | K21: 1.5031018 | L21: 0 | M21: 0 | N21: 0.4685982 | O21: 0 | P21: 0 | Q21: 0.5453187 | R21: 0.0924502 | S21: 0.16953426 | T21: 0.9152202 | U21: 0.735569 | V21: 0.80370713
A22: ODISHA_REGION | B22: 3.4322389 | C22: 0.8280192 | D22: 0.24124754 | E22: 2.6352455 | F22: 0.1670447 | G22: 2.8022902 | H22: 0.19256979 | I22: 2.0447621 | J22: 0 | K22: 1.5031018 | L22: 0 | M22: 0 | N22: 0.4685982 | O22: 0 | P22: 0 | Q22: 0.5453187 | R22: 0.0924502 | S22: 0.16953426 | T22: 0.9152202 | U22: 0.735569 | V22: 0.80370713
A23: BHUBANESWAR_AREA | B23: 1.0707734 | C23: 0.735569 | D23: 0.68695113 | E23: 0.339649 | F23: 0.0079314 | G23: 0.3475804 | H23: 0 | I23: 0.46422017 | J23: 0 | K23: 0 | L23: 0 | M23: - | N23: 0.1347883 | O23: 0 | P23: 0 | Q23: 0.2004161 | R23: 0 | S23: 0 | T23: 0.735569 | U23: 0.735569 | V23: 1
A24: CUTTACK_AREA | B24: 2.2379413 | C24: 0.0924502 | D24: 0.041310378 | E24: 2.1703396 | F24: 0.0990929 | G24: 2.2694325 | H24: 0.37940735 | I24: 0.79843241 | J24: 0 | K24: 1.5031018 | L24: 0 | M24: 0 | N24: 0.2102857 | O24: 0 | P24: 0 | Q24: 0.3449026 | R24: 0.0924502 | S24: 0.26804727 | T24: 0.1796512 | U24: 0 | V24: 0
A25: ORISSA_BEHRAMPUR_AREA | B25: 0 | C25: 0 | D25: - | E25: 0 | F25: 0 | G25: 0 | H25: 0 | I25: 0 | J25: 0 | K25: 0 | L25: 0 | M25: - | N25: 0 | O25: 0 | P25: - | Q25: 0 | R25: 0 | S25: - | T25: 0 | U25: 0 | V25: -
A26: SAMBALPUR_AREA | B26: 0.1235242 | C26: 0 | D26: 0 | E26: 0.1252569 | F26: 0.0600204 | G26: 0.1852773 | H26: 0 | I26: 0.78210951 | J26: 0 | K26: 0 | L26: 0 | M26: - | N26: 0.1235242 | O26: 0 | P26: 0 | Q26: 0 | R26: 0 | S26: - | T26: 0 | U26: 0 | V26: -
A27: WEST_BENGAL | B27: 11.3097 | C27: 0.1245281 | D27: 0.011010734 | E27: 11.274514 | F27: 0.12131227 | G27: 11.395826 | H27: 0.3464815 | I27: 10.114003 | J27: 0 | K27: 0.36148374 | L27: 0.1245281 | M27: 0.34449156 | N27: 0.63596663 | O27: 0 | P27: 0 | Q27: 10.31225 | R27: 0 | S27: 0 | T27: 0 | U27: 0 | V27: -
A28: WB_REGION | B28: 11.3097 | C28: 0.1245281 | D28: 0.011010734 | E28: 11.274514 | F28: 0.12131227 | G28: 11.395826 | H28: 0.3464815 | I28: 10.114003 | J28: 0 | K28: 0.36148374 | L28: 0.1245281 | M28: 0.34449156 | N28: 0.63596663 | O28: 0 | P28: 0 | Q28: 10.31225 | R28: 0 | S28: 0 | T28: 0 | U28: 0 | V28: -
A29: BARASAT_AREA | B29: 1.4389166 | C29: 0 | D29: 0 | E29: 1.4584076 | F29: 0.0098395 | G29: 1.4682471 | H29: 0 | I29: 1.6600815 | J29: 0 | K29: 0.2030698 | L29: 0 | M29: 0 | N29: 0.1493633 | O29: 0 | P29: 0 | Q29: 1.0864835 | R29: 0 | S29: 0 | T29: 0 | U29: 0 | V29: -
A30: DURGAPUR_AREA | B30: 3.4955735 | C30: 0 | D30: 0 | E30: 3.5360957 | F30: 0.01782227 | G30: 3.553918 | H30: 0.11951837 | I30: 3.5975453 | J30: 0 | K30: 0 | L30: 0 | M30: - | N30: 0.0612986 | O30: 0 | P30: 0 | Q30: 3.4342749 | R30: 0 | S30: 0 | T30: 0 | U30: 0 | V30: -
A31: KHARAGPUR_AREA | B31: 0 | C31: 0 | D31: - | E31: 0 | F31: 0 | G31: 0 | H31: 1 | I31: 0 | J31: 0 | K31: 0 | L31: 0 | M31: - | N31: 0 | O31: 0 | P31: - | Q31: 0 | R31: 0 | S31: - | T31: 0 | U31: 0 | V31: -
A32: KOLKATA_AREA | B32: 5.7212025 | C32: 0 | D32: 0 | E32: 5.7460077 | F32: 0.0868442 | G32: 5.8328519 | H32: 0.45551474 | I32: 4.7945178 | J32: 0 | K32: 0.033885842 | L32: 0 | M32: 0 | N32: 0.24834123 | O32: 0 | P32: 0 | Q32: 5.4389754 | R32: 0 | S32: 0 | T32: 0 | U32: 0 | V32: -
A33: KRISHNA_NAGAR_AREA | B33: 0 | C33: 0 | D33: - | E33: 0 | F33: 0 | G33: 0 | H33: 0 | I33: 0 | J33: 0 | K33: 0 | L33: 0 | M33: - | N33: 0 | O33: 0 | P33: - | Q33: 0 | R33: 0 | S33: - | T33: 0 | U33: 0 | V33: -
A34: SILIGURI_AREA | B34: 0.65400741 | C34: 0.1245281 | D34: 0.19040778 | E34: 0.5340028 | F34: 0.0068063 | G34: 0.5408091 | H34: 0.82727159 | I34: 0.061858396 | J34: 0 | K34: 0.1245281 | L34: 0.1245281 | M34: 1 | N34: 0.1769635 | O34: 0 | P34: 0 | Q34: 0.35251581 | R34: 0 | S34: 0 | T34: 0 | U34: 0 | V34: -
A35: EAST_2 | B35: 20.858016 | C35: 8.3552998 | D35: 0.4005798 | E35: 12.651421 | F35: 0.2599347 | G35: 12.911355 | H35: 0.35408007 | I35: 11.360325 | J35: 0 | K35: 0.79568695 | L35: 0.50720965 | M35: 0.63744875 | N35: 5.3151382 | O35: 2.2818872 | P35: 0.42931851 | Q35: 12.274771 | R35: 4.8796134 | S35: 0.39753193 | T35: 2.4724197 | U35: 0.6865896 | V35: 0.27769945
A36: BIHAR | B36: 4.5475976 | C36: 0.96801565 | D36: 0.21286308 | E36: 3.6229589 | F36: 0.0944021 | G36: 3.717361 | H36: 0.44692372 | I36: 2.2247941 | J36: 0 | K36: 0.25516345 | L36: 0.08577955 | M36: 0.33617491 | N36: 2.0338738 | O36: 0 | P36: 0 | Q36: 2.1103186 | R36: 0.8822361 | S36: 0.41805824 | T36: 0.1482417 | U36: 0 | V36: 0
A37: BIHAR_REGION | B37: 4.5475976 | C37: 0.96801565 | D37: 0.21286308 | E37: 3.6229589 | F37: 0.0944021 | G37: 3.717361 | H37: 0.44692372 | I37: 2.2247941 | J37: 0 | K37: 0.25516345 | L37: 0.08577955 | M37: 0.33617491 | N37: 2.0338738 | O37: 0 | P37: 0 | Q37: 2.1103186 | R37: 0.8822361 | S37: 0.41805824 | T37: 0.1482417 | U37: 0 | V37: 0
A38: HAJIPUR_AREA | B38: 1.8160148 | C38: 0.4963359 | D38: 0.27331049 | E38: 1.3371726 | F38: 0.0467329 | G38: 1.3839055 | H38: 0.49038821 | I38: 0.93336218 | J38: 0 | K38: 0.1693839 | L38: 0 | M38: 0 | N38: 0.3008404 | O38: 0 | P38: 0 | Q38: 1.1975488 | R38: 0.4963359 | S38: 0.41445985 | T38: 0.1482417 | U38: 0 | V38: 0
A39: MUZAFFARPUR_AREA | B39: 0.29009525 | C39: 0.1346386 | D39: 0.4641186 | E39: 0.1577317 | F39: 0.0315913 | G39: 0.189323 | H39: 0.49156868 | I39: 0.14226475 | J39: 0 | K39: 0 | L39: 0 | M39: - | N39: 0.0977655 | O39: 0 | P39: 0 | Q39: 0.19232975 | R39: 0.1346386 | S39: 0.70004044 | T39: 0 | U39: 0 | V39: -
A40: PATNA_AREA | B40: 2.0597055 | C40: 0.2512616 | D40: 0.12198909 | E40: 1.8279863 | F40: 0 | G40: 1.8279863 | H40: 0.3907415 | I40: 0.82538492 | J40: 0 | K40: 0 | L40: 0 | M40: - | N40: 1.6352679 | O40: 0 | P40: 0 | Q40: 0.4244376 | R40: 0.2512616 | S40: 0.59198714 | T40: 0 | U40: 0 | V40: -
A41: PURNEA_AREA | B41: 0.38178205 | C41: 0.08577955 | D41: 0.22468199 | E41: 0.3000683 | F41: 0.0160779 | G41: 0.3161462 | H41: 0.41854271 | I41: 0.32378228 | J41: 0 | K41: 0.08577955 | L41: 0.08577955 | M41: 1 | N41: 0 | O41: 0 | P41: - | Q41: 0.2960025 | R41: 0 | S41: 0 | T41: 0 | U41: 0 | V41: -
A42: JHARKHAND | B42: 2.1448789 | C42: 0.8148059 | D42: 0.37988434 | E42: 1.345697 | F42: 0.0557899 | G42: 1.4014869 | H42: 0.2807493 | I42: 2.0964979 | J42: 0 | K42: 0.1190934 | L42: 0 | M42: 0 | N42: 0 | O42: 0 | P42: - | Q42: 2.0257855 | R42: 0.8148059 | S42: 0.40221726 | T42: 0 | U42: 0 | V42: -
A43: JHARKHAND_REGION | B43: 2.1448789 | C43: 0.8148059 | D43: 0.37988434 | E43: 1.345697 | F43: 0.0557899 | G43: 1.4014869 | H43: 0.2807493 | I43: 2.0964979 | J43: 0 | K43: 0.1190934 | L43: 0 | M43: 0 | N43: 0 | O43: 0 | P43: - | Q43: 2.0257855 | R43: 0.8148059 | S43: 0.40221726 | T43: 0 | U43: 0 | V43: -
A44: RANCHI_AREA | B44: 2.1448789 | C44: 0.8148059 | D44: 0.37988434 | E44: 1.345697 | F44: 0.0557899 | G44: 1.4014869 | H44: 0.2807493 | I44: 2.0964979 | J44: 0 | K44: 0.1190934 | L44: 0 | M44: 0 | N44: 0 | O44: 0 | P44: - | Q44: 2.0257855 | R44: 0.8148059 | S44: 0.40221726 | T44: 0 | U44: 0 | V44: -
A45: NORTH_EAST | B45: 14.165539 | C45: 6.5724783 | D45: 0.46397656 | E45: 7.6827649 | F45: 0.1097427 | G45: 7.7925076 | H45: 0.33911392 | I45: 7.0390326 | J45: 0 | K45: 0.4214301 | L45: 0.4214301 | M45: 1 | N45: 3.2812644 | O45: 2.2818872 | P45: 0.69542924 | Q45: 8.1386669 | R45: 3.1825714 | S45: 0.39104332 | T45: 2.324178 | U45: 0.6865896 | V45: 0.2954118
A46: NORTH_EAST_REGION | B46: 14.165539 | C46: 6.5724783 | D46: 0.46397656 | E46: 7.6827649 | F46: 0.1097427 | G46: 7.7925076 | H46: 0.33911392 | I46: 7.0390326 | J46: 0 | K46: 0.4214301 | L46: 0.4214301 | M46: 1 | N46: 3.2812644 | O46: 2.2818872 | P46: 0.69542924 | Q46: 8.1386669 | R46: 3.1825714 | S46: 0.39104332 | T46: 2.324178 | U46: 0.6865896 | V46: 0.2954118
A47: AGARTALA_AREA | B47: 0.22917438 | C47: 0.22917438 | D47: 1 | E47: 0 | F47: 0 | G47: 0 | H47: 0 | I47: 0.038585289 | J47: 0 | K47: 0 | L47: 0 | M47: - | N47: 0.1911031 | O47: 0.1911031 | P47: 1 | Q47: 0.038071281 | R47: 0.038071281 | S47: 1 | T47: 0 | U47: 0 | V47: -
A48: BARPETA_ROAD_AREA | B48: 1.6925375 | C48: 1.0079278 | D48: 0.59551283 | E48: 0.6935354 | F48: 0 | G48: 0.6935354 | H48: 0.60293209 | I48: 0.74186409 | J48: 0 | K48: 0 | L48: 0 | M48: - | N48: 0 | O48: 0 | P48: - | Q48: 1.2855526 | R48: 0.7841432 | S48: 0.60996586 | T48: 0.4069849 | U48: 0.2237846 | V48: 0.54985971
A49: GUWAHATI_AREA | B49: 8.4555443 | C49: 3.2275411 | D49: 0.38170708 | E49: 5.2880932 | F49: 0.1097427 | G49: 5.3978359 | H49: 0.30385879 | I49: 4.1086574 | J49: 0 | K49: 0 | L49: 0 | M49: - | N49: 2.2037115 | O49: 1.2043343 | P49: 0.54650271 | Q49: 4.7974447 | R49: 2.0232068 | S49: 0.42172592 | T49: 1.4543881 | U49: 0 | V49: 0
A50: JORHAT_AREA | B50: 3.7882833 | C50: 2.107835 | D50: 0.55640903 | E50: 1.7011363 | F50: 0 | G50: 1.7011363 | H50: 0.24384874 | I50: 2.1499257 | J50: 0 | K50: 0.4214301 | L50: 0.4214301 | M50: 1 | N50: 0.8864498 | O50: 0.8864498 | P50: 1 | Q50: 2.0175984 | R50: 0.3371501 | S50: 0.16710467 | T50: 0.462805 | U50: 0.462805 | V50: 1
A51: NORTH | B51: 134.698 | C51: 32.847484 | D51: 0.24386022 | E51: 103.03681 | F51: 11.920554 | G51: 114.95737 | H51: 0.22686256 | I51: 99.320871 | J51: 2.7186291 | K51: 16.12757 | L51: 0.9376523 | M51: 0.058139713 | N51: 19.986257 | O51: 8.3036916 | P51: 0.41547007 | Q51: 90.045543 | R51: 21.25916 | S51: 0.23609342 | T51: 8.5386276 | U51: 2.3469795 | V51: 0.27486613
A52: NORTH_1 | B52: 53.568997 | C52: 17.496308 | D52: 0.32661257 | E52: 36.514232 | F52: 3.2447366 | G52: 39.758969 | H52: 0.32336586 | I52: 39.798489 | J52: 2.2996568 | K52: 6.0605956 | L52: 0.3268974 | M52: 0.053938164 | N52: 3.6917401 | O52: 1.6787558 | P52: 0.45473293 | Q52: 41.897474 | R52: 13.721582 | S52: 0.32750381 | T52: 1.9191881 | U52: 1.7690726 | V52: 0.92178176
A53: DELHI | B53: 49.39688 | C53: 15.227049 | D53: 0.30825934 | E53: 34.584197 | F53: 2.2275902 | G53: 36.811787 | H53: 0.32917455 | I53: 36.805985 | J53: 2.2996568 | K53: 5.508676 | L53: 0 | M53: 0 | N53: 3.4514893 | O53: 1.5938366 | P53: 0.46178228 | Q53: 39.923741 | R53: 13.130291 | S53: 0.32888428 | T53: 0.51297341 | U53: 0.502922 | V53: 0.98040559
A54: DELHI_1 | B54: 10.470643 | C54: 4.5090411 | D54: 0.43063649 | E54: 6.0380403 | F54: 0.16142631 | G54: 6.1994666 | H54: 0.21726744 | I54: 9.3883439 | J54: 1.5633085 | K54: 0 | L54: 0 | M54: - | N54: 2.0971445 | O54: 1.2694436 | P54: 0.60532005 | Q54: 8.1887756 | R54: 3.0548743 | S54: 0.3730563 | T54: 0.1847232 | U54: 0.1847232 | V54: 1
A55: DELHI_1_A_AREA | B55: 0 | C55: 0 | D55: - | E55: 0 | F55: 0 | G55: 0 | H55: 0 | I55: 0 | J55: 0 | K55: 0 | L55: 0 | M55: - | N55: 0 | O55: 0 | P55: - | Q55: 0 | R55: 0 | S55: - | T55: 0 | U55: 0 | V55: -
A56: NOIDA_1_AREA | B56: 2.652343 | C56: 1.2004055 | D56: 0.45258306 | E56: 1.4727735 | F56: 0.0195418 | G56: 1.4923153 | H56: 0.29232807 | I56: 2.1517283 | J56: 0.1527062 | K56: 0 | L56: 0 | M56: - | N56: 0.3586217 | O56: 0 | P56: 0 | Q56: 2.1089981 | R56: 1.0156823 | S56: 0.4815947 | T56: 0.1847232 | U56: 0.1847232 | V56: 1
A57: NOIDA_2_AREA | B57: 5.8930602 | C57: 3.0229774 | D57: 0.51297242 | E57: 2.9063202 | F57: 0.14188451 | G57: 3.0482047 | H57: 0.12103707 | I57: 6.2274313 | J57: 1.4106023 | K57: 0 | L57: 0 | M57: - | N57: 1.2694436 | O57: 1.2694436 | P57: 1 | Q57: 4.6236166 | R57: 1.7535338 | S57: 0.37925588 | T57: 0 | U57: 0 | V57: -
A58: NOIDA_3_AREA | B58: 1.1462703 | C58: 0.28565822 | D58: 0.24920668 | E58: 0.8717091 | F58: 0 | G58: 0.8717091 | H58: 0.42700696 | I58: 0.61881463 | J58: 0 | K58: 0 | L58: 0 | M58: - | N58: 0.4690792 | O58: 0 | P58: 0 | Q58: 0.67719112 | R58: 0.28565822 | S58: 0.42182807 | T58: 0 | U58: 0 | V58: -
A59: NOIDA_4_AREA | B59: 0.7789698 | C59: 0 | D59: 0 | E59: 0.7872375 | F59: 0 | G59: 0.7872375 | H59: 0.50551944 | I59: 0.39036966 | J59: 0 | K59: 0 | L59: 0 | M59: - | N59: 0 | O59: 0 | P59: - | Q59: 0.7789698 | R59: 0 | S59: 0 | T59: 0 | U59: 0 | V59: -
A60: DELHI_2 | B60: 3.9749281 | C60: 1.5382601 | D60: 0.38699067 | E60: 2.4632173 | F60: 0.0442621 | G60: 2.5074794 | H60: 0.36006684 | I60: 4.5801171 | J60: 0.041098201 | K60: 0 | L60: 0 | M60: - | N60: 0 | O60: 0 | P60: - | Q60: 3.9749281 | R60: 1.5382601 | S60: 0.38699067 | T60: 0 | U60: 0 | V60: -
A61: KAROL_BAGH_1_AREA | B61: 2.4777662 | C61: 0.041098201 | D61: 0.016586795 | E61: 2.4632173 | F61: 0.0442621 | G61: 2.5074794 | H61: 0.39982173 | I61: 3.3644665 | J61: 0.041098201 | K61: 0 | L61: 0 | M61: - | N61: 0 | O61: 0 | P61: - | Q61: 2.4777662 | R61: 0.041098201 | S61: 0.016586795 | T61: 0 | U61: 0 | V61: -
A62: KAROL_BAGH_2_AREA | B62: 1.4971619 | C62: 1.4971619 | D62: 1 | E62: 0 | F62: 0 | G62: 0 | H62: 0.2159782 | I62: 1.2156506 | J62: 0 | K62: 0 | L62: 0 | M62: - | N62: 0 | O62: 0 | P62: - | Q62: 1.4971619 | R62: 1.4971619 | S62: 1 | T62: 0 | U62: 0 | V62: -
A63: KAROL_BAGH_3_AREA | B63: 0 | C63: 0 | D63: - | E63: 0 | F63: 0 | G63: 0 | H63: 0 | I63: 0 | J63: 0 | K63: 0 | L63: 0 | M63: - | N63: 0 | O63: 0 | P63: - | Q63: 0 | R63: 0 | S63: - | T63: 0 | U63: 0 | V63: -
A64: KAROL_BAGH_4_AREA | B64: 0 | C64: 0 | D64: - | E64: 0 | F64: 0 | G64: 0 | H64: 0 | I64: 0 | J64: 0 | K64: 0 | L64: 0 | M64: - | N64: 0 | O64: 0 | P64: - | Q64: 0 | R64: 0 | S64: - | T64: 0 | U64: 0 | V64: -
A65: DELHI_3 | B65: 3.0376421 | C65: 0.886633 | D65: 0.29188198 | E65: 2.1750826 | F65: 0.14863954 | G65: 2.3237222 | H65: 0.73840467 | I65: 0.88289555 | J65: 0.6952501 | K65: 0 | L65: 0 | M65: - | N65: 0 | O65: 0 | P65: - | Q65: 3.0376421 | R65: 0.886633 | S65: 0.29188198 | T65: 0 | U65: 0 | V65: -
A66: DELHI_NSP_1_AREA | B66: 0 | C66: 0 | D66: - | E66: 0 | F66: 0 | G66: 0 | H66: 0 | I66: 0 | J66: 0 | K66: 0 | L66: 0 | M66: - | N66: 0 | O66: 0 | P66: - | Q66: 0 | R66: 0 | S66: - | T66: 0 | U66: 0 | V66: -
A67: DELHI_NSP_2_AREA | B67: 3.0376421 | C67: 0.886633 | D67: 0.29188198 | E67: 2.1750826 | F67: 0.14863954 | G67: 2.3237222 | H67: 0.73840467 | I67: 0.88289555 | J67: 0.6952501 | K67: 0 | L67: 0 | M67: - | N67: 0 | O67: 0 | P67: - | Q67: 3.0376421 | R67: 0.886633 | S67: 0.29188198 | T67: 0 | U67: 0 | V67: -
A68: DELHI_NSP_3_AREA | B68: 0 | C68: 0 | D68: - | E68: 0 | F68: 0 | G68: 0 | H68: 0 | I68: 0 | J68: 0 | K68: 0 | L68: 0 | M68: - | N68: 0 | O68: 0 | P68: - | Q68: 0 | R68: 0 | S68: - | T68: 0 | U68: 0 | V68: -
A69: DELHI_4 | B69: 12.047284 | C69: 6.3439638 | D69: 0.52658873 | E69: 5.767889 | F69: 0.1856562 | G69: 5.9535452 | H69: 0.47105731 | I69: 7.4214106 | J69: 0 | K69: 2.0612094 | L69: 0 | M69: 0 | N69: 0 | O69: 0 | P69: - | Q69: 9.9860742 | R69: 6.3439638 | S69: 0.63528106 | T69: 0 | U69: 0 | V69: -
A70: GURGAON_2_AREA | B70: 3.8826028 | C70: 0.2404924 | D70: 0.061941025 | E70: 3.6831023 | F70: 0.1856562 | G70: 3.8687585 | H70: 0.055566974 | I70: 7.4151994 | J70: 0 | K70: 0 | L70: 0 | M70: - | N70: 0 | O70: 0 | P70: - | Q70: 3.8826028 | R70: 0.2404924 | S70: 0.061941025 | T70: 0 | U70: 0 | V70: -
A71: GURGAON_3_AREA | B71: 8.1646808 | C71: 6.1034714 | D71: 0.74754562 | E71: 2.0847867 | F71: 0 | G71: 2.0847867 | H71: 0.99898663 | I71: 0.0062112 | J71: 0 | K71: 2.0612094 | L71: 0 | M71: 0 | N71: 0 | O71: 0 | P71: - | Q71: 6.1034714 | R71: 6.1034714 | S71: 1 | T71: 0 | U71: 0 | V71: -
A72: GURGAON_4_AREA | B72: 0 | C72: 0 | D72: - | E72: 0 | F72: 0 | G72: 0 | H72: 0 | I72: 0 | J72: 0 | K72: 0 | L72: 0 | M72: - | N72: 0 | O72: 0 | P72: - | Q72: 0 | R72: 0 | S72: - | T72: 0 | U72: 0 | V72: -
A73: GURGAON_5_AREA | B73: 0 | C73: 0 | D73: - | E73: 0 | F73: 0 | G73: 0 | H73: 0 | I73: 0 | J73: 0 | K73: 0 | L73: 0 | M73: - | N73: 0 | O73: 0 | P73: - | Q73: 0 | R73: 0 | S73: - | T73: 0 | U73: 0 | V73: -
A74: DELHI_5 | B74: 2.6537566 | C74: 0 | D74: 0 | E74: 2.6835375 | F74: 0 | G74: 2.6835375 | H74: 0 | I74: 1.0762436 | J74: 0 | K74: 1.5931648 | L74: 0 | M74: 0 | N74: 0 | O74: 0 | P74: - | Q74: 1.0605918 | R74: 0 | S74: 0 | T74: 0 | U74: 0 | V74: -
A75: DELHI_NSP_4_AREA | B75: 2.6537566 | C75: 0 | D75: 0 | E75: 2.6835375 | F75: 0 | G75: 2.6835375 | H75: 0 | I75: 1.0762436 | J75: 0 | K75: 1.5931648 | L75: 0 | M75: 0 | N75: 0 | O75: 0 | P75: - | Q75: 1.0605918 | R75: 0 | S75: 0 | T75: 0 | U75: 0 | V75: -
A76: DELHI_NSP_5_AREA | B76: 0 | C76: 0 | D76: - | E76: 0 | F76: 0 | G76: 0 | H76: 0 | I76: 0 | J76: 0 | K76: 0 | L76: 0 | M76: - | N76: 0 | O76: 0 | P76: - | Q76: 0 | R76: 0 | S76: - | T76: 0 | U76: 0 | V76: -
A77: DELHI_NSP_6_AREA | B77: 0 | C77: 0 | D77: - | E77: 0 | F77: 0 | G77: 0 | H77: 0 | I77: 0 | J77: 0 | K77: 0 | L77: 0 | M77: - | N77: 0 | O77: 0 | P77: - | Q77: 0 | R77: 0 | S77: - | T77: 0 | U77: 0 | V77: -
A78: DELHI_6 | B78: 9.1880389 | C78: 0 | D78: 0 | E78: 9.2881112 | F78: 1.5487636 | G78: 10.836875 | H78: 0.06182837 | I78: 8.1455559 | J78: 0 | K78: 0.729054 | L78: 0 | M78: 0 | N78: 0 | O78: 0 | P78: - | Q78: 8.4489335 | R78: 0 | S78: 0 | T78: 0.010051413 | U78: 0 | V78: 0
A79: NOIDA_5_AREA | B79: 6.4864497 | C79: 0 | D79: 0 | E79: 6.5583598 | F79: 1.5403656 | G79: 8.0987254 | H79: 0.08645647 | I79: 5.4547074 | J79: 0 | K79: 0.729054 | L79: 0 | M79: 0 | N79: 0 | O79: 0 | P79: - | Q79: 5.7473443 | R79: 0 | S79: 0 | T79: 0.010051413 | U79: 0 | V79: 0
A80: NOIDA_6_AREA | B80: 2.2905096 | C80: 0 | D80: 0 | E80: 2.3140348 | F80: 0.008398 | G80: 2.3224328 | H80: 0 | I80: 2.2954196 | J80: 0 | K80: 0 | L80: 0 | M80: - | N80: 0 | O80: 0 | P80: - | Q80: 2.2905096 | R80: 0 | S80: 0 | T80: 0 | U80: 0 | V80: -
A81: NOIDA_7_AREA | B81: 0.4110796 | C81: 0 | D81: 0 | E81: 0.4157166 | F81: 0 | G81: 0.4157166 | H81: 0.049603557 | I81: 0.39542894 | J81: 0 | K81: 0 | L81: 0 | M81: - | N81: 0 | O81: 0 | P81: - | Q81: 0.4110796 | R81: 0 | S81: 0 | T81: 0 | U81: 0 | V81: -
A82: DELHI_WEST | B82: 1.8908132 | C82: 0.37706 | D82: 0.19941684 | E82: 1.5299999 | F82: 0.0189614 | G82: 1.5489613 | H82: 0.43798115 | I82: 0.48850371 | J82: 0 | K82: 0 | L82: 0 | M82: - | N82: 1.0299518 | O82: 0 | P82: 0 | Q82: 0.8608614 | R82: 0.37706 | S82: 0.43800314 | T82: 0 | U82: 0 | V82: -
A83: DELHI_WEST_1_AREA | B83: 1.0299518 | C83: 0 | D83: 0 | E83: 1.0410073 | F83: 0.0189614 | G83: 1.0599687 | H83: 0 | I83: 0 | J83: 0 | K83: 0 | L83: 0 | M83: - | N83: 1.0299518 | O83: 0 | P83: 0 | Q83: 0 | R83: 0 | S83: - | T83: 0 | U83: 0 | V83: -
A84: DELHI_WEST_2_AREA | B84: 0 | C84: 0 | D84: - | E84: 0 | F84: 0 | G84: 0 | H84: 0 | I84: 0 | J84: 0 | K84: 0 | L84: 0 | M84: - | N84: 0 | O84: 0 | P84: - | Q84: 0 | R84: 0 | S84: - | T84: 0 | U84: 0 | V84: -
A85: DELHI_WEST_3_AREA | B85: 0.8608614 | C85: 0.37706 | D85: 0.43800314 | E85: 0.4889926 | F85: 0 | G85: 0.4889926 | H85: 0.43798115 | I85: 0.48850371 | J85: 0 | K85: 0 | L85: 0 | M85: - | N85: 0 | O85: 0 | P85: - | Q85: 0.8608614 | R85: 0.37706 | S85: 0.43800314 | T85: 0 | U85: 0 | V85: -
A86: GURUGRAM | B86: 6.1337741 | C86: 1.5720914 | D86: 0.25630083 | E86: 4.6383189 | F86: 0.11988106 | G86: 4.7582 | H86: 0.37213091 | I86: 4.8229146 | J86: 0 | K86: 1.1252477 | L86: 0 | M86: 0 | N86: 0.324393 | O86: 0.324393 | P86: 1 | Q86: 4.3659346 | R86: 0.9294996 | S86: 0.2128982 | T86: 0.3181988 | U86: 0.3181988 | V86: 1
A87: BHIWADI_AREA | B87: 2.3752943 | C87: 0.6425918 | D87: 0.27053145 | E87: 1.7551067 | F87: 0.0200559 | G87: 1.7751626 | H87: 0.12486376 | I87: 3.4125157 | J87: 0 | K87: 0.6502123 | L87: 0 | M87: 0 | N87: 0.324393 | O87: 0.324393 | P87: 1 | Q87: 1.0824902 | R87: 0 | S87: 0 | T87: 0.3181988 | U87: 0.3181988 | V87: 1
A88: FARIDABAD_AREA | B88: 1.6323005 | C88: 0.4029225 | D88: 0.24684333 | E88: 1.2656836 | F88: 0.06038846 | G88: 1.3260721 | H88: 0.52064051 | I88: 0.87638048 | J88: 0 | K88: 0.27886625 | L88: 0 | M88: 0 | N88: 0 | O88: 0 | P88: - | Q88: 1.3534343 | R88: 0.4029225 | S88: 0.29770378 | T88: 0 | U88: 0 | V88: -
A89: GURGAON_1_AREA | B89: 2.1261793 | C89: 0.5265771 | D89: 0.24766354 | E89: 1.6175286 | F89: 0.0394367 | G89: 1.6569653 | H89: 0.72686144 | I89: 0.53401841 | J89: 0 | K89: 0.1961692 | L89: 0 | M89: 0 | N89: 0 | O89: 0 | P89: - | Q89: 1.9300101 | R89: 0.5265771 | S89: 0.27283645 | T89: 0 | U89: 0 | V89: -
A90: UTTAR_PRADESH | B90: 4.1721173 | C90: 2.2692585 | D90: 0.54391052 | E90: 1.9300353 | F90: 1.0171464 | G90: 2.9471817 | H90: 0.24248599 | I90: 2.9925042 | J90: 0 | K90: 0.5519196 | L90: 0.3268974 | M90: 0.5922917 | N90: 0.2402508 | O90: 0.0849192 | P90: 0.35346063 | Q90: 1.9737322 | R90: 0.59129131 | S90: 0.29958031 | T90: 1.4062147 | U90: 1.2661506 | V90: 0.90039636
A91: UTTAR_PRADESH_1 | B91: 1.5424356 | C91: 0.33468001 | D91: 0.21698151 | E91: 1.2248088 | F91: 0.9773843 | G91: 2.2021931 | H91: 0.24099145 | I91: 1.6160422 | J91: 0 | K91: 0.2250222 | L91: 0 | M91: 0 | N91: 0.2402508 | O91: 0.0849192 | P91: 0.35346063 | Q91: 1.0771626 | R91: 0.24976081 | S91: 0.23186918 | T91: 0 | U91: 0 | V91: -
A92: AGRA_AREA | B92: 0.68049061 | C92: 0.16175991 | D92: 0.23771071 | E92: 0.5260879 | F92: 0.0198549 | G92: 0.5459428 | H92: 0.22986768 | I92: 0.54908348 | J92: 0 | K92: 0.1226835 | L92: 0 | M92: 0 | N92: 0.1553316 | O92: 0 | P92: 0 | Q92: 0.40247551 | R92: 0.16175991 | S92: 0.40191243 | T92: 0 | U92: 0 | V92: -
A93: JHANSI_AREA | B93: 0.6592566 | C93: 0.1729201 | D93: 0.26229559 | E93: 0.4929763 | F93: 0 | G93: 0.4929763 | H93: 0.64542943 | I93: 0.19193465 | J93: 0 | K93: 0.1023387 | L93: 0 | M93: 0 | N93: 0.0849192 | O93: 0.0849192 | P93: 1 | Q93: 0.4719987 | R93: 0.0880009 | S93: 0.1864431 | T93: 0 | U93: 0 | V93: -
A94: MATHURA_AREA | B94: 0.2026884 | C94: 0 | D94: 0 | E94: 0.2057446 | F94: 0.9575294 | G94: 1.163274 | H94: 0 | I94: 0.87502403 | J94: 0 | K94: 0 | L94: 0 | M94: - | N94: 0 | O94: 0 | P94: - | Q94: 0.2026884 | R94: 0 | S94: 0 | T94: 0 | U94: 0 | V94: -
A95: UTTAR_PRADESH_2 | B95: 2.6296817 | C95: 1.9345785 | D95: 0.73567021 | E95: 0.7052265 | F95: 0.0397621 | G95: 0.7449886 | H95: 0.24423632 | I95: 1.376462 | J95: 0 | K95: 0.3268974 | L95: 0.3268974 | M95: 1 | N95: 0 | O95: 0 | P95: - | Q95: 0.8965696 | R95: 0.3415305 | S95: 0.38093027 | T95: 1.4062147 | U95: 1.2661506 | V95: 0.90039636
A96: KANPUR_AREA | B96: 0.1263183 | C96: 0.0300121 | D96: 0.23759107 | E96: 0.0977387 | F96: 0.0299442 | G96: 0.1276829 | H96: 0.38286803 | I96: 0.20711067 | J96: 0 | K96: 0 | L96: 0 | M96: - | N96: 0 | O96: 0 | P96: - | Q96: 0.1263183 | R96: 0.0300121 | S96: 0.23759107 | T96: 0 | U96: 0 | V96: -
A97: LUCKNOW_1_AREA | B97: 0.1400641 | C97: 0 | D97: 0 | E97: 0.1416648 | F97: 0 | G97: 0.1416648 | H97: 0 | I97: 0.34520065 | J97: 0 | K97: 0 | L97: 0 | M97: - | N97: 0 | O97: 0 | P97: - | Q97: 0 | R97: 0 | S97: - | T97: 0.1400641 | U97: 0 | V97: 0
A98: LUCKNOW_2_AREA | B98: 1.3233435 | C98: 1.2661506 | D98: 0.95678152 | E98: 0.0581034 | F98: 0 | G98: 0.0581034 | H98: 0 | I98: 0.21617855 | J98: 0 | K98: 0 | L98: 0 | M98: - | N98: 0 | O98: 0 | P98: - | Q98: 0.0571929 | R98: 0 | S98: 0 | T98: 1.2661506 | U98: 1.2661506 | V98: 1
A99: VARANASI_AREA | B99: 1.0399558 | C99: 0.6384158 | D99: 0.61388744 | E99: 0.4077196 | F99: 0.0098179 | G99: 0.4175375 | H99: 0.34240305 | I99: 0.60797216 | J99: 0 | K99: 0.3268974 | L99: 0.3268974 | M99: 1 | N99: 0 | O99: 0 | P99: - | Q99: 0.7130584 | R99: 0.3115184 | S99: 0.43687642 | T99: 0 | U99: 0 | V99: -
A100: NORTH_2 | B100: 32.77168 | C100: 9.5458808 | D100: 0.29128445 | E100: 23.483689 | F100: 5.0632371 | G100: 28.546926 | H100: 0.13892678 | I100: 26.597845 | J100: 0.1255702 | K100: 2.9546807 | L100: 0.6107549 | M100: 0.20670758 | N100: 7.9111237 | O100: 5.0705241 | P100: 0.64093601 | Q100: 19.868417 | R100: 3.7812012 | S100: 0.19031215 | T100: 2.037458 | U100: 0.0834006 | V100: 0.040933654
A101: PHC | B101: 18.467127 | C101: 3.8471033 | D101: 0.2083217 | E101: 14.781929 | F101: 0.2800762 | G101: 15.062005 | H101: 0.13391656 | I101: 20.492749 | J101: 0.1255702 | K101: 2.3269414 | L101: 0.1255702 | M101: 0.053963627 | N101: 1.3491928 | O101: 0.6331089 | P101: 0.46925012 | Q101: 14.707592 | R101: 3.0050236 | S101: 0.20431785 | T101: 0.0834006 | U101: 0.0834006 | V101: 1
...

Sheet New Summary
C2: PAN INDIA - MLAP COLLECTION SCORECARD - JAN-00
B4: ZONE & REGION | C4: Opening Stock | F4: Flow | I4: 46143 | K4: FTD | L4: Direct Flow | O4: 30-59 DPD Flow | R4: Existing Stock | U4: RB From NPA
C5: Stock | D5: Collection | E5: Res % | F5: Flow | G5: CLNPA | H5: Total | I5: LMTD % | J5: LMTD Flow | L5: Stock | M5: Coll | N5: Res % | O5: Stock | P5: Coll | Q5: Res % | R5: Stock | S5: Coll | T5: Res % | U5: Stock | V5: Coll | W5: Res %
B6: ='S3 Concern summary'!A5 -> PAN INDIA | C6: ='S3 Concern summary'!B5 -> 398.71142 | D6: ='S3 Concern summary'!C5 -> 111.14243 | E6: ='S3 Concern summary'!D5 -> 0.27875406 | F6: ='S3 Concern summary'!E5 -> 290.35865 | G6: ='S3 Concern summary'!F5 -> 28.946237 | H6: ='S3 Concern summary'!G5 -> 319.30489 | I6: ='S3 Concern summary'!H5 -> 0.28162733 | ... W6: ='S3 Concern summary'!V5 -> 0.2895848
B7: ='S3 Concern summary'!A6 -> EAST | C7: ='S3 Concern summary'!B6 -> 42.350998 | D7: ='S3 Concern summary'!C6 -> 9.9095364 | E7: ='S3 Concern summary'!D6 -> 0.2339859 | F7: ='S3 Concern summary'!E6 -> 32.775076 | G7: ='S3 Concern summary'!F6 -> 4.8448097 | H7: ='S3 Concern summary'!G6 -> 37.619885 | I7: ='S3 Concern summary'!H6 -> 0.31637951 | ... W7: ='S3 Concern summary'!V6 -> 0.41980808
B8: ='S3 Concern summary'!A7 -> EAST_1 | C8: ='S3 Concern summary'!B7 -> 21.492982 | D8: ='S3 Concern summary'!C7 -> 1.5542366 | E8: ='S3 Concern summary'!D7 -> 0.07231368 | F8: ='S3 Concern summary'!E7 -> 20.123655 | G8: ='S3 Concern summary'!F7 -> 4.584875 | H8: ='S3 Concern summary'!G7 -> 24.70853 | I8: ='S3 Concern summary'!H7 -> 0.28859515 | ... W8: ='S3 Concern summary'!V7 -> 0.80370713
B9: ='S3 Concern summary'!A8 -> CHATTISGARH | C9: ='S3 Concern summary'!B8 -> 6.751043 | D9: ='S3 Concern summary'!C8 -> 0.6016893 | E9: ='S3 Concern summary'!D8 -> 0.089125385 | F9: ='S3 Concern summary'!E8 -> 6.2138956 | G9: ='S3 Concern summary'!F8 -> 4.296518 | H9: ='S3 Concern summary'!G8 -> 10.510414 | I9: ='S3 Concern summary'!H8 -> 0.17731837 | ... W9: ='S3 Concern summary'!V8 -> -
B10: ='S3 Concern summary'!A21 -> ODISHA | C10: ='S3 Concern summary'!B21 -> 3.4322389 | D10: ='S3 Concern summary'!C21 -> 0.8280192 | E10: ='S3 Concern summary'!D21 -> 0.24124754 | F10: ='S3 Concern summary'!E21 -> 2.6352455 | G10: ='S3 Concern summary'!F21 -> 0.1670447 | H10: ='S3 Concern summary'!G21 -> 2.8022902 | I10: ='S3 Concern summary'!H21 -> 0.19256979 | ... W10: ='S3 Concern summary'!V21 -> 0.80370713
B11: ='S3 Concern summary'!A27 -> WEST_BENGAL | C11: ='S3 Concern summary'!B27 -> 11.3097 | D11: ='S3 Concern summary'!C27 -> 0.1245281 | E11: ='S3 Concern summary'!D27 -> 0.011010734 | F11: ='S3 Concern summary'!E27 -> 11.274514 | G11: ='S3 Concern summary'!F27 -> 0.12131227 | H11: ='S3 Concern summary'!G27 -> 11.395826 | I11: ='S3 Concern summary'!H27 -> 0.3464815 | ... W11: ='S3 Concern summary'!V27 -> -
B12: ='S3 Concern summary'!A35 -> EAST_2 | C12: ='S3 Concern summary'!B35 -> 20.858016 | D12: ='S3 Concern summary'!C35 -> 8.3552998 | E12: ='S3 Concern summary'!D35 -> 0.4005798 | F12: ='S3 Concern summary'!E35 -> 12.651421 | G12: ='S3 Concern summary'!F35 -> 0.2599347 | H12: ='S3 Concern summary'!G35 -> 12.911355 | I12: ='S3 Concern summary'!H35 -> 0.35408007 | ... W12: ='S3 Concern summary'!V35 -> 0.27769945
B13: ='S3 Concern summary'!A36 -> BIHAR | C13: ='S3 Concern summary'!B36 -> 4.5475976 | D13: ='S3 Concern summary'!C36 -> 0.96801565 | E13: ='S3 Concern summary'!D36 -> 0.21286308 | F13: ='S3 Concern summary'!E36 -> 3.6229589 | G13: ='S3 Concern summary'!F36 -> 0.0944021 | H13: ='S3 Concern summary'!G36 -> 3.717361 | I13: ='S3 Concern summary'!H36 -> 0.44692372 | ... W13: ='S3 Concern summary'!V36 -> 0
B14: ='S3 Concern summary'!A42 -> JHARKHAND | C14: ='S3 Concern summary'!B42 -> 2.1448789 | D14: ='S3 Concern summary'!C42 -> 0.8148059 | E14: ='S3 Concern summary'!D42 -> 0.37988434 | F14: ='S3 Concern summary'!E42 -> 1.345697 | G14: ='S3 Concern summary'!F42 -> 0.0557899 | H14: ='S3 Concern summary'!G42 -> 1.4014869 | I14: ='S3 Concern summary'!H42 -> 0.2807493 | ... W14: ='S3 Concern summary'!V42 -> -
B15: ='S3 Concern summary'!A45 -> NORTH_EAST | C15: ='S3 Concern summary'!B45 -> 14.165539 | D15: ='S3 Concern summary'!C45 -> 6.5724783 | E15: ='S3 Concern summary'!D45 -> 0.46397656 | F15: ='S3 Concern summary'!E45 -> 7.6827649 | G15: ='S3 Concern summary'!F45 -> 0.1097427 | H15: ='S3 Concern summary'!G45 -> 7.7925076 | I15: ='S3 Concern summary'!H45 -> 0.33911392 | ... W15: ='S3 Concern summary'!V45 -> 0.2954118
B16: ='S3 Concern summary'!A51 -> NORTH | C16: ='S3 Concern summary'!B51 -> 134.698 | D16: ='S3 Concern summary'!C51 -> 32.847484 | E16: ='S3 Concern summary'!D51 -> 0.24386022 | F16: ='S3 Concern summary'!E51 -> 103.03681 | G16: ='S3 Concern summary'!F51 -> 11.920554 | H16: ='S3 Concern summary'!G51 -> 114.95737 | I16: ='S3 Concern summary'!H51 -> 0.22686256 | ... W16: ='S3 Concern summary'!V51 -> 0.27486613
B17: ='S3 Concern summary'!A52 -> NORTH_1 | C17: ='S3 Concern summary'!B52 -> 53.568997 | D17: ='S3 Concern summary'!C52 -> 17.496308 | E17: ='S3 Concern summary'!D52 -> 0.32661257 | F17: ='S3 Concern summary'!E52 -> 36.514232 | G17: ='S3 Concern summary'!F52 -> 3.2447366 | H17: ='S3 Concern summary'!G52 -> 39.758969 | I17: ='S3 Concern summary'!H52 -> 0.32336586 | ... W17: ='S3 Concern summary'!V52 -> 0.92178176
B18: ='S3 Concern summary'!A53 -> DELHI | C18: ='S3 Concern summary'!B53 -> 49.39688 | D18: ='S3 Concern summary'!C53 -> 15.227049 | E18: ='S3 Concern summary'!D53 -> 0.30825934 | F18: ='S3 Concern summary'!E53 -> 34.584197 | G18: ='S3 Concern summary'!F53 -> 2.2275902 | H18: ='S3 Concern summary'!G53 -> 36.811787 | I18: ='S3 Concern summary'!H53 -> 0.32917455 | ... W18: ='S3 Concern summary'!V53 -> 0.98040559
B19: ='S3 Concern summary'!A90 -> UTTAR_PRADESH | C19: ='S3 Concern summary'!B90 -> 4.1721173 | D19: ='S3 Concern summary'!C90 -> 2.2692585 | E19: ='S3 Concern summary'!D90 -> 0.54391052 | F19: ='S3 Concern summary'!E90 -> 1.9300353 | G19: ='S3 Concern summary'!F90 -> 1.0171464 | H19: ='S3 Concern summary'!G90 -> 2.9471817 | I19: ='S3 Concern summary'!H90 -> 0.24248599 | ... W19: ='S3 Concern summary'!V90 -> 0.90039636
B20: ='S3 Concern summary'!A100 -> NORTH_2 | C20: ='S3 Concern summary'!B100 -> 32.77168 | D20: ='S3 Concern summary'!C100 -> 9.5458808 | E20: ='S3 Concern summary'!D100 -> 0.29128445 | F20: ='S3 Concern summary'!E100 -> 23.483689 | G20: ='S3 Concern summary'!F100 -> 5.0632371 | H20: ='S3 Concern summary'!G100 -> 28.546926 | I20: ='S3 Concern summary'!H100 -> 0.13892678 | ... W20: ='S3 Concern summary'!V100 -> 0.040933654
B21: ='S3 Concern summary'!A101 -> PHC | C21: ='S3 Concern summary'!B101 -> 18.467127 | D21: ='S3 Concern summary'!C101 -> 3.8471033 | E21: ='S3 Concern summary'!D101 -> 0.2083217 | F21: ='S3 Concern summary'!E101 -> 14.781929 | G21: ='S3 Concern summary'!F101 -> 0.2800762 | H21: ='S3 Concern summary'!G101 -> 15.062005 | I21: ='S3 Concern summary'!H101 -> 0.13391656 | ... W21: ='S3 Concern summary'!V101 -> 1
B22: ='S3 Concern summary'!A120 -> UTTARAKHAND | C22: ='S3 Concern summary'!B120 -> 14.304552 | D22: ='S3 Concern summary'!C120 -> 5.6987775 | E22: ='S3 Concern summary'!D120 -> 0.39838908 | F22: ='S3 Concern summary'!E120 -> 8.7017603 | G22: ='S3 Concern summary'!F120 -> 4.7831609 | H22: ='S3 Concern summary'!G120 -> 13.484921 | I22: ='S3 Concern summary'!H120 -> 0.15532692 | ... W22: ='S3 Concern summary'!V120 -> 0
B23: ='S3 Concern summary'!A125 -> NORTH_3 | C23: ='S3 Concern summary'!B125 -> 48.357321 | D23: ='S3 Concern summary'!C125 -> 5.8052949 | E23: ='S3 Concern summary'!D125 -> 0.12004997 | F23: ='S3 Concern summary'!E125 -> 43.038893 | G23: ='S3 Concern summary'!F125 -> 3.6125802 | H23: ='S3 Concern summary'!G125 -> 46.651473 | I23: ='S3 Concern summary'!H125 -> 0.15042106 | ... W23: ='S3 Concern summary'!V125 -> 0.10792411
B24: ='S3 Concern summary'!A126 -> RAJASTHAN_1 | C24: ='S3 Concern summary'!B126 -> 23.086097 | D24: ='S3 Concern summary'!C126 -> 2.4986804 | E24: ='S3 Concern summary'!D126 -> 0.10823312 | F24: ='S3 Concern summary'!E126 -> 20.826867 | G24: ='S3 Concern summary'!F126 -> 0.8232784 | H24: ='S3 Concern summary'!G126 -> 21.650146 | I24: ='S3 Concern summary'!H126 -> 0.1173319 | ... W24: ='S3 Concern summary'!V126 -> 0
B25: ='S3 Concern summary'!A141 -> RAJASTHAN_2 | C25: ='S3 Concern summary'!B141 -> 25.271224 | D25: ='S3 Concern summary'!C141 -> 3.3066145 | E25: ='S3 Concern summary'!D141 -> 0.13084505 | F25: ='S3 Concern summary'!E141 -> 22.212026 | G25: ='S3 Concern summary'!F141 -> 2.7893018 | H25: ='S3 Concern summary'!G141 -> 25.001328 | I25: ='S3 Concern summary'!H141 -> 0.17921823 | ... W25: ='S3 Concern summary'!V141 -> 0.11263391
B26: ='S3 Concern summary'!A152 -> SOUTH | C26: ='S3 Concern summary'!B152 -> 168.70785 | D26: ='S3 Concern summary'!C152 -> 44.851742 | E26: ='S3 Concern summary'!D152 -> 0.26585451 | F26: ='S3 Concern summary'!E152 -> 125.16664 | G26: ='S3 Concern summary'!F152 -> 8.9214302 | H26: ='S3 Concern summary'!G152 -> 134.08807 | I26: ='S3 Concern summary'!H152 -> 0.31325988 | ... W26: ='S3 Concern summary'!V152 -> 0.19203147
B27: ='S3 Concern summary'!A153 -> SOUTH_1 | C27: ='S3 Concern summary'!B153 -> 97.742274 | D27: ='S3 Concern summary'!C153 -> 20.839795 | E27: ='S3 Concern summary'!D153 -> 0.21321169 | F27: ='S3 Concern summary'!E153 -> 77.650568 | G27: ='S3 Concern summary'!F153 -> 6.2858019 | H27: ='S3 Concern summary'!G153 -> 83.93637 | I27: ='S3 Concern summary'!H153 -> 0.29122698 | ... W27: ='S3 Concern summary'!V153 -> 0.19477057
B28: ='S3 Concern summary'!A154 -> ANDHRA_PRADESH | C28: ='S3 Concern summary'!B154 -> 34.098585 | D28: ='S3 Concern summary'!C154 -> 8.2011679 | E28: ='S3 Concern summary'!D154 -> 0.24051343 | F28: ='S3 Concern summary'!E154 -> 26.047953 | G28: ='S3 Concern summary'!F154 -> 0.6549051 | H28: ='S3 Concern summary'!G154 -> 26.702858 | I28: ='S3 Concern summary'!H154 -> 0.31470223 | ... W28: ='S3 Concern summary'!V154 -> 0.35841247
B29: ='S3 Concern summary'!A164 -> KERALA | C29: ='S3 Concern summary'!B164 -> 7.5254755 | D29: ='S3 Concern summary'!C164 -> 1.9986655 | E29: ='S3 Concern summary'!D164 -> 0.26558661 | F29: ='S3 Concern summary'!E164 -> 5.5948303 | G29: ='S3 Concern summary'!F164 -> 0 | H29: ='S3 Concern summary'!G164 -> 5.5948303 | I29: ='S3 Concern summary'!H164 -> 0.037726958 | ... W29: ='S3 Concern summary'!V164 -> 0
B30: ='S3 Concern summary'!A168 -> TAMIL_NADU | C30: ='S3 Concern summary'!B168 -> 56.118213 | D30: ='S3 Concern summary'!C168 -> 10.639962 | E30: ='S3 Concern summary'!D168 -> 0.18959908 | F30: ='S3 Concern summary'!E168 -> 46.007785 | G30: ='S3 Concern summary'!F168 -> 5.6308968 | H30: ='S3 Concern summary'!G168 -> 51.638682 | I30: ='S3 Concern summary'!H168 -> 0.3125149 | ... W30: ='S3 Concern summary'!V168 -> 0.10241128
B31: ='S3 Concern summary'!A210 -> SOUTH_2 | C31: ='S3 Concern summary'!B210 -> 70.965573 | D31: ='S3 Concern summary'!C210 -> 24.011947 | E31: ='S3 Concern summary'!D210 -> 0.33836051 | F31: ='S3 Concern summary'!E210 -> 47.516077 | G31: ='S3 Concern summary'!F210 -> 2.6356283 | H31: ='S3 Concern summary'!G210 -> 50.151705 | I31: ='S3 Concern summary'!H210 -> 0.34285563 | ... W31: ='S3 Concern summary'!V210 -> 0.18867398
B32: ='S3 Concern summary'!A211 -> KARNATAKA | C32: ='S3 Concern summary'!B211 -> 37.594395 | D32: ='S3 Concern summary'!C211 -> 12.3509 | E32: ='S3 Concern summary'!D211 -> 0.32853036 | F32: ='S3 Concern summary'!E211 -> 25.540311 | G32: ='S3 Concern summary'!F211 -> 1.1722122 | H32: ='S3 Concern summary'!G211 -> 26.712523 | I32: ='S3 Concern summary'!H211 -> 0.30292547 | ... W32: ='S3 Concern summary'!V211 -> 0.50153808
B33: ='S3 Concern summary'!A248 -> TELANGANA | C33: ='S3 Concern summary'!B248 -> 33.371178 | D33: ='S3 Concern summary'!C248 -> 11.661047 | E33: ='S3 Concern summary'!D248 -> 0.34943469 | F33: ='S3 Concern summary'!E248 -> 21.975766 | G33: ='S3 Concern summary'!F248 -> 1.4634161 | H33: ='S3 Concern summary'!G248 -> 23.439182 | I33: ='S3 Concern summary'!H248 -> 0.38288314 | ... W33: ='S3 Concern summary'!V248 -> 0.0563003
B34: ='S3 Concern summary'!A270 -> WEST | C34: ='S3 Concern summary'!B270 -> 52.95458 | D34: ='S3 Concern summary'!C270 -> 23.533665 | E34: ='S3 Concern summary'!D270 -> 0.44441226 | F34: ='S3 Concern summary'!E270 -> 29.380119 | G34: ='S3 Concern summary'!F270 -> 3.2594435 | H34: ='S3 Concern summary'!G270 -> 32.639562 | I34: ='S3 Concern summary'!H270 -> 0.29802148 | ... W34: ='S3 Concern summary'!V270 -> 0.49151845
B35: ='S3 Concern summary'!A271 -> WEST_1 | C35: ='S3 Concern summary'!B271 -> 26.039414 | D35: ='S3 Concern summary'!C271 -> 13.490248 | E35: ='S3 Concern summary'!D271 -> 0.51807034 | F35: ='S3 Concern summary'!E271 -> 12.316887 | G35: ='S3 Concern summary'!F271 -> 1.0410209 | H35: ='S3 Concern summary'!G271 -> 13.357908 | I35: ='S3 Concern summary'!H271 -> 0.33968005 | ... W35: ='S3 Concern summary'!V271 -> 0.53597151
B36: ='S3 Concern summary'!A272 -> GUJARAT | C36: ='S3 Concern summary'!B272 -> 7.7923888 | D36: ='S3 Concern summary'!C272 -> 3.0522339 | E36: ='S3 Concern summary'!D272 -> 0.39169425 | F36: ='S3 Concern summary'!E272 -> 4.7960344 | G36: ='S3 Concern summary'!F272 -> 0.3029563 | H36: ='S3 Concern summary'!G272 -> 5.0989907 | I36: ='S3 Concern summary'!H272 -> 0.34099136 | ... W36: ='S3 Concern summary'!V272 -> -
B37: ='S3 Concern summary'!A292 -> MAHARASTRA | C37: ='S3 Concern summary'!B292 -> 18.247025 | D37: ='S3 Concern summary'!C292 -> 10.438014 | E37: ='S3 Concern summary'!D292 -> 0.57203923 | F37: ='S3 Concern summary'!E292 -> 7.5208529 | G37: ='S3 Concern summary'!F292 -> 0.73806458 | H37: ='S3 Concern summary'!G292 -> 8.2589175 | I37: ='S3 Concern summary'!H292 -> 0.33803106 | ... W37: ='S3 Concern summary'!V292 -> 0.53597151
B38: ='S3 Concern summary'!A312 -> WEST_2 | C38: ='S3 Concern summary'!B312 -> 26.915166 | D38: ='S3 Concern summary'!C312 -> 10.043417 | E38: ='S3 Concern summary'!D312 -> 0.37315083 | F38: ='S3 Concern summary'!E312 -> 17.063232 | G38: ='S3 Concern summary'!F312 -> 2.2184226 | H38: ='S3 Concern summary'!G312 -> 19.281654 | I38: ='S3 Concern summary'!H312 -> 0.25426744 | ... W38: ='S3 Concern summary'!V312 -> 0
B39: ='S3 Concern summary'!A313 -> GOA | C39: ='S3 Concern summary'!B313 -> 0 | D39: ='S3 Concern summary'!C313 -> 0 | E39: ='S3 Concern summary'!D313 -> - | F39: ='S3 Concern summary'!E313 -> 0 | G39: ='S3 Concern summary'!F313 -> 0 | H39: ='S3 Concern summary'!G313 -> 0 | I39: ='S3 Concern summary'!H313 -> 0 | ... W39: ='S3 Concern summary'!V313 -> -
B40: ='S3 Concern summary'!A317 -> MADHYA_PRADESH | C40: ='S3 Concern summary'!B317 -> 17.119879 | D40: ='S3 Concern summary'!C317 -> 4.5827594 | E40: ='S3 Concern summary'!D317 -> 0.26768644 | F40: ='S3 Concern summary'!E317 -> 12.681027 | G40: ='S3 Concern summary'!F317 -> 2.1131077 | H40: ='S3 Concern summary'!G317 -> 14.794134 | I40: ='S3 Concern summary'!H317 -> 0.27934143 | ... W40: ='S3 Concern summary'!V317 -> 0
B41: ='S3 Concern summary'!A327 -> MUMBAI | C41: ='S3 Concern summary'!B327 -> 9.7952869 | D41: ='S3 Concern summary'!C327 -> 5.4606572 | E41: ='S3 Concern summary'!D327 -> 0.55747803 | F41: ='S3 Concern summary'!E327 -> 4.382205 | G41: ='S3 Concern summary'!F327 -> 0.1053149 | H41: ='S3 Concern summary'!G327 -> 4.4875199 | I41: ='S3 Concern summary'!H327 -> 0.1299288 | ... W41: ='S3 Concern summary'!V327 -> -

Sheet Top Sheet
B5: S3 CONCERN SUMMARY | C5: TOTAL | F5: LAP | I5: SLAP
B6: Month | C6: 46174 | D6: 46143 | E6: 46113 | F6: 46174 | G6: 46143 | H6: 46113 | I6: 46174 | J6: 46143 | K6: 46113
B7: STOCK (OPENING + ADDITIONAL) | C7: 398.71142 | D7: 367.38386 | E7: 379.23343 | F7: 342.00708 | G7: 312.6786 | H7: 322.06548 | I7: 56.704344 | J7: 54.705267 | K7: 57.167943
B8: COLLECTED | C8: 111.14243 | D8: 103.46534 | E8: 76.850497 | F8: 95.820088 | G8: 87.821725 | H8: 66.146397 | I8: 15.322339 | J8: 15.643612 | K8: 10.7041
B9: Resolution % | C9: 0.27875406 | D9: 0.28162733 | E9: 0.20264695 | F9: 0.2801699 | G9: 0.280869 | H9: 0.20538183 | I9: 0.27021456 | J9: 0.28596171 | K9: 0.18723955
B10: Flow as on date | C10: 290.35865 | D10: 266.60587 | E10: 301.46391 | F10: 248.35302 | G10: 227.04099 | H10: 254.4254 | I10: 42.005638 | J10: 39.564886 | K10: 47.038514
B11: CLNPA | C11: 28.946237 | D11: 27.764001 | E11: 23.03847 | F11: 28.37597 | G11: 27.483941 | H11: 22.537507 | I11: 0.57026706 | J11: 0.28006004 | K11: 0.50096313
B12: Flow with CLNPA | C12: 319.30489 | D12: 294.36987 | E12: 324.50238 | F12: 276.72899 | G12: 254.52493 | H12: 276.96291 | I12: 42.575905 | J12: 39.844946 | K12: 47.539477
B13: Flow Projection- Commitment | C13: 69.721408 | D13: 51.153082 | E13: 67.59406 | F13: 60.422675 | G13: 39.031866 | H13: 55.036385 | I13: 9.2987328 | J13: 12.121216 | K13: 12.557675
B14: S3 Concern Actual Flow | C14: 319.30489 | D14: 294.36987 | E14: 324.50238 | F14: 276.72899 | G14: 254.52493 | H14: 276.96291 | I14: 42.575905 | J14: 39.844946 | K14: 47.539477
B15: Stage_3 Reduction -Projection | C15: 70.021246 | D15: 74.708779 | E15: 66.961314 | F15: 60.69425 | G15: 65.200873 | H15: 63.114548 | I15: 9.3269958 | J15: 9.5079053 | K15: 3.8467666
B16: S3 Reduction (GA Release +RB + Closure) - as on date | C16: 20.801828 | D16: 22.405462 | E16: 26.07653 | F16: 16.083773 | G16: 19.034914 | H16: 25.618848 | I16: 4.718055 | J16: 3.3705483 | K16: 0.45768205
B17: STAGE_3 ECL Release | C17: -5.694108 | D17: -7.2122609 | E17: -8.3576448
B18: S3 Concern Flow-EOM | C18: 319.30489 | D18: 76.666065 | E18: 103.93303 | F18: 276.72899 | G18: 59.890131 | H18: 82.144031 | I18: 42.575905 | J18: 16.775934 | K18: 21.789003
B19: S3 Reduction EOM | C19: 20.801828 | D19: 70.9551 | E19: 62.91124 | F19: 16.083773 | G19: 62.664363 | H19: 59.31089 | I19: 4.718055 | J19: 8.2907376 | K19: 3.6003491

Sheet Flow Data
A1: AGREEMENT NO | B1: Customer Name | C1: BRANCH | D1: NEW AREA | E1: SUB REGION | F1: MAIN REGION | G1: SUB-ZONE | H1: ZONE | I1: EMI | J1: Opening Adj OD+POS in crs | K1: GA May'26 (in Crs) | L1: Opening SLAB Ver_2 | M1: Opening DPD_Ver_1 | N1: Opening DPD_Ver_2 | O1: EOM DPD | P1: EOM SLAB | Q1: DPD As on Date | R1: CIF DPD EOM | S1: CIF | T1: May'26 ECL STAGE | U1: Jun'26 ECL STAGE | V1: GA in Crs Jun-26-Closing | W1: CIF GA | X1: 1st Payment Date (May|Apr|Mar|Feb|Jan|Dec) | Y1: Last Payment Date (May|Apr|Mar|Feb|Jan|Dec) | Z1: Banking (May|Apr|Mar|Feb|Jan|Dec) | AA1: DPD (May|Apr|Mar|Feb|Jan|Dec) | AB1: BKT FLAG | AC1: XFG
A2: HE01AHM00000010937 | B2: VINEETSINGH GULABSINGH RORE GULABSINGH | C2: AHMEDABAD ONE HE | D2: AHMEDABAD_1_AREA | E2: GUJARAT_1 | F2: GUJARAT | G2: WEST_1 | H2: WEST | I2: 160116 | J2: 1.3827706 | K2: 1.3947835 | L2: 60-89 | M2: 88 | N2: 88 | O2: 118 | P2: 90-180 | Q2: 107 | R2: 118 | S2: 314273 | T2: STAGE_2B | U2: STAGE_3 | V2: 1.4103326 | W2: 2.2924086 | X2: 27 | 22 | 21 | 28 | 5 | 0 | Y2: 27 | 22 | 21 | 28 | 5 | 0 | Z2: 0 | 0 | 0 | 0 | 0 | 0 | AA2: 88 | 85 | 86 | 86 | 88 | 88 | AB2: Existing Stock | AC2: -
A3: X0HEAHM00003226232 | B3: VINEET GULABSINGH RORE | C3: AHMEDABAD ONE HE | D3: AHMEDABAD_1_AREA | E3: GUJARAT_1 | F3: GUJARAT | G3: WEST_1 | H3: WEST | I3: 113660 | J3: 0.8635743 | K3: 0.8716418 | L3: 60-89 | M3: 88 | N3: 88 | O3: 118 | P3: 90-180 | Q3: 107 | R3: 118 | S3: 314273 | T3: STAGE_2B | U3: STAGE_3 | V3: 0.882076 | W3: 2.2924086 | X3: 27 | 22 | 21 | 28 | 5 | 0 | Y3: 27 | 22 | 21 | 28 | 5 | 0 | Z3: 0 | 0 | 0 | 0 | 0 | 0 | AA3: 88 | 85 | 86 | 86 | 88 | 88 | AB3: Existing Stock | AC3: -
A4: X0HERHE00001794859 | B4: NARESH NATHUBHAI VORA | C4: SURAT ONE HE | D4: SURAT_1_AREA | E4: GUJARAT_2 | F4: GUJARAT | G4: WEST_1 | H4: WEST | I4: 58098 | J4: 0.47624289 | K4: 0.48033879 | L4: 60-89 | M4: 88 | N4: 88 | O4: 118 | P4: 90-180 | Q4: 107 | R4: 118 | S4: 2619083 | T4: STAGE_2A | U4: STAGE_3 | V4: 0.48563709 | W4: 0.78859339 | X4: 0 | 0 | 0 | 27 | 31 | 31 | Y4: 0 | 0 | 0 | 27 | 31 | 31 | Z4: 0 | 0 | 0 | 0 | 0 | 0 | AA4: 88 | 57 | 27 | 0 | 0 | 0 | AB4: Direct Flow | AC4: -
A5: HE01RHE00000044665 | B5: JAYESH DHIRAJLAL GANDHI DHIRAJLAL | C5: SURAT ONE HE | D5: SURAT_1_AREA | E5: GUJARAT_2 | F5: GUJARAT | G5: WEST_1 | H5: WEST | I5: 96608 | J5: 0.5771461 | K5: 0.5822201 | L5: 60-89 | M5: 88 | N5: 88 | O5: 118 | P5: 90-180 | Q5: 107 | R5: 118 | S5: 11949646 | T5: STAGE_2A | U5: STAGE_3 | V5: 0.5887569 | W5: 0.5887569 | X5: 0 | 0 | 0 | 24 | 30 | 24 | Y5: 0 | 0 | 0 | 24 | 30 | 24 | Z5: 0 | 0 | 0 | 0 | 0 | 0 | AA5: 88 | 57 | 27 | 0 | 0 | 0 | AB5: Direct Flow | AC5: -
A6: ML01ZUA00000090164 | B6: NARESHKUMAR PRATAPRAY MODI PRATAPBHAI | C6: BOTAD HE | D6: SAURASHTRA_2_AREA | E6: GUJARAT_3 | F6: GUJARAT | G6: WEST_1 | H6: WEST | I6: 50450 | J6: 0.2999348 | K6: 0.3036556 | L6: 60-89 | M6: 88 | N6: 88 | O6: 118 | P6: 90-180 | Q6: 107 | R6: 118 | S6: 17316533 | T6: STAGE_2B | U6: STAGE_3 | V6: 0.3084672 | W6: 0.3084672 | X6: 30 | 0 | 31 | 28 | 0 | 0 | Y6: 31 | 0 | 31 | 28 | 0 | 0 | Z6: 0 | 0 | 0 | 0 | 0 | 0 | AA6: 88 | 85 | 55 | 55 | 58 | 27 | AB6: Existing Stock | AC6: -
A7: HE01RTH00000023767 | B7: HIMATBHAI BHAYABHAI CHHAYANI BHAYABHAI | C7: RAJKOT ONE HE | D7: SAURASHTRA_1_AREA | E7: GUJARAT_3 | F7: GUJARAT | G7: WEST_1 | H7: WEST | I7: 31825 | J7: 0.2747347 | K7: 0.27724 | L7: 60-89 | M7: 88 | N7: 88 | O7: 118 | P7: 90-180 | Q7: 107 | R7: 118 | S7: 9579422 | T7: STAGE_2A | U7: STAGE_3 | V7: 0.2804843 | W7: 0.2804843 | X7: 0 | 27 | 0 | 11 | 0 | 0 | Y7: 0 | 27 | 0 | 11 | 0 | 0 | Z7: 0 | 0 | 0 | REP | REP | 5TH | AA7: 88 | 57 | 55 | 24 | 58 | 57 | AB7: Last Month Flow | AC7: -
A8: X0HEMBI00003446593 | B8: CHANDRESHBHAI A VASA | C8: MORBI HE | D8: SAURASHTRA_1_AREA | E8: GUJARAT_3 | F8: GUJARAT | G8: WEST_1 | H8: WEST | I8: 21728 | J8: 0.1532134 | K8: 0.15473004 | L8: 60-89 | M8: 88 | N8: 88 | O8: 118 | P8: 90-180 | Q8: 107 | R8: 118 | S8: 8367148 | T8: STAGE_2B | U8: STAGE_3 | V8: 0.1566909 | W8: 0.1566909 | X8: 26 | 27 | 25 | 25 | 24 | 26 | Y8: 26 | 27 | 25 | 25 | 24 | 26 | Z8: 0 | 0 | 0 | 0 | 0 | 0 | AA8: 88 | 85 | 86 | 86 | 88 | 88 | AB8: Existing Stock | AC8: -
A9: ML01MMG00000046588 | B9: HARSHA SAILESHBHAI BHANDARI BHAGWANBHAI | C9: VALSAD HE | D9: VAPI_AREA | E9: GUJARAT_2 | F9: GUJARAT | G9: WEST_1 | H9: WEST | I9: 26802 | J9: 0.1454798 | K9: 0.1471181 | L9: 60-89 | M9: 88 | N9: 88 | O9: 118 | P9: 90-180 | Q9: 107 | R9: 118 | S9: 12173170 | T9: STAGE_2A | U9: STAGE_3 | V9: 0.1487309 | W9: 0.1487309 | X9: 0 | 30 | 31 | 28 | 31 | 31 | Y9: 0 | 30 | 31 | 28 | 31 | 31 | Z9: 0 | 0 | 0 | 0 | 0 | 0 | AA9: 88 | 57 | 55 | 55 | 58 | 57 | AB9: Last Month Flow | AC9: -
A10: HE01LOS00000064119 | B10: ATUL MAHESH THAKUR Mahesh Thakur | C10: SILVASSA HE | D10: VAPI_AREA | E10: GUJARAT_2 | F10: GUJARAT | G10: WEST_1 | H10: WEST | I10: 14916 | J10: 0.110627 | K10: 0.1117058 | L10: 60-89 | M10: 88 | N10: 88 | O10: 118 | P10: 90-180 | Q10: 107 | R10: 118 | S10: 14157335 | T10: STAGE_2B | U10: STAGE_3 | V10: 0.1131012 | W10: 0.1131012 | X10: 0 | 17 | 0 | 0 | 0 | 31 | Y10: 0 | 17 | 0 | 0 | 0 | 31 | Z10: 0 | 0 | 0 | 0 | 0 | 0 | AA10: 88 | 57 | 86 | 55 | 27 | 0 | AB10: Last Month Flow | AC10: -
A11: X0HERUC00003440139 | B11: NOMAN SHAMSUDDIN SHAIKH | C11: BHARUCH HE | D11: SURAT_2_AREA | E11: GUJARAT_5 | F11: GUJARAT | G11: WEST_1 | H11: WEST | I11: 17747 | J11: 0.0932526 | K11: 0.094274251 | L11: 60-89 | M11: 88 | N11: 88 | O11: 118 | P11: 90-180 | Q11: 107 | R11: 118 | S11: 6935968 | T11: STAGE_2B | U11: STAGE_3 | V11: 0.0947236 | W11: 0.0947236 | X11: 14 | 7 | 13 | 6 | 6 | 29 | Y11: 21 | 7 | 13 | 6 | 6 | 29 | Z11: 0 | 0 | 0 | 0 | 0 | 0 | AA11: 88 | 85 | 86 | 86 | 88 | 88 | AB11: Existing Stock | AC11: -
A12: ML01MEH00000065812 | B12: AJAYKUMAR KASHIRAMBHAI PATEL KASHIRAMBHAI | C12: MEHSANA HE | D12: NORTH_GUJARAT_AREA | E12: GUJARAT_1 | F12: GUJARAT | G12: WEST_1 | H12: WEST | I12: 15416 | J12: 0.0791049 | K12: 0.0800239 | L12: 60-89 | M12: 88 | N12: 88 | O12: 118 | P12: 90-180 | Q12: 107 | R12: 118 | S12: 14562461 | T12: STAGE_2A | U12: STAGE_3 | V12: 0.0812082 | W12: 0.0812082 | X12: 0 | 0 | 13 | 19 | 0 | 0 | Y12: 0 | 0 | 13 | 19 | 0 | 0 | Z12: 0 | 0 | 0 | 0 | 0 | 0 | AA12: 88 | 57 | 27 | 24 | 27 | 0 | AB12: Last Month Flow | AC12: -
A13: ML01ZUA00000086166 | B13: KANJIBHAI DHUDABHAI VAGHELA DHUDABHAI | C13: BOTAD HE | D13: SAURASHTRA_2_AREA | E13: GUJARAT_3 | F13: GUJARAT | G13: WEST_1 | H13: WEST | I13: 12613 | J13: 0.0688967 | K13: 0.0697473 | L13: 60-89 | M13: 88 | N13: 88 | O13: 118 | P13: 90-180 | Q13: 107 | R13: 118 | S13: 16809827 | T13: STAGE_2A | U13: STAGE_3 | V13: 0.0708457 | W13: 0.0708457 | X13: 0 | 0 | 0 | 23 | 12 | 9 | Y13: 0 | 0 | 0 | 23 | 12 | 9 | Z13: 0 | 0 | 0 | 0 | 0 | 0 | AA13: 88 | 57 | 27 | 0 | 0 | 0 | AB13: Direct Flow | AC13: -
... A771: HE01RHT00000043180 | B771: LAKHYAHIRA GOGOI JITUL GOGOI | C771: JORHAT HE | D771: JORHAT_AREA | E771: NE_REGION | F771: NORTH_EAST | G771: EAST_2 | H771: EAST | I771: 39949 | J771: 0.2761478 | K771: 0.02785836 | L771: 60-89 | M771: 88 | N771: 88 | O771: 118 | P771: 90-180 | Q771: 107 | R771: 118 | S771: 11930938 | T771: STAGE_2B | U771: STAGE_3 | V771: 0.02817286 | W771: 0.02817286 | X771: 27 | 22 | 2 | 0 | 28 | 17 | Y771: 27 | 23 | 11 | 0 | 28 | 17 | Z771: 0 | 0 | 0 | 0 | 0 | 0 | AA771: 88 | 85 | 86 | 86 | 58 | 57 | AB771: Existing Stock | AC771: -
